accuracy,auroc,benchmark,dataset_kind,diagnostic_error,mae,metrics_path,n_test,n_train,public_source,ranc_downgrades,ranc_drift_monitors,ranc_fit_samples,ranc_hard_failures,ranc_ledger_rows,ranc_max_drift_estimate,ranc_passed,ranc_policy_summary,ranc_rejected_candidates,ranc_sparse_failures,ranc_train_only_fit,rmse,scaler,seed,selected_scaler,sparse_input,sparse_output,split_strategy,task,test_density_after,test_density_before,test_nnz_after,test_nnz_before,test_nnz_delta,train_density_after,train_density_before,train_nnz_after,train_nnz_before,train_nnz_delta
0.8867924528301887,,openml_iris,openml,,,outputs/openml/runs/openml_iris/seed_0/metrics.csv,53.0,97.0,openml,,,,,,,,,,,,,none,0,,False,False,random,classification,1.0,1.0,212.0,212.0,0.0,1.0,1.0,388.0,388.0,0.0
0.8679245283018868,,openml_iris,openml,,,outputs/openml/runs/openml_iris/seed_0/metrics.csv,53.0,97.0,openml,,,,,,,,,,,,,standard,0,,False,False,random,classification,1.0,1.0,212.0,212.0,0.0,1.0,1.0,388.0,388.0,0.0
0.8113207547169812,,openml_iris,openml,,,outputs/openml/runs/openml_iris/seed_0/metrics.csv,53.0,97.0,openml,,,,,,,,,,,,,robust,0,,False,False,random,classification,1.0,1.0,212.0,212.0,0.0,1.0,1.0,388.0,388.0,0.0
0.6792452830188679,,openml_iris,openml,,,outputs/openml/runs/openml_iris/seed_0/metrics.csv,53.0,97.0,openml,,,,,,,,,,,,,maxabs,0,,False,False,random,classification,1.0,1.0,212.0,212.0,0.0,1.0,1.0,388.0,388.0,0.0
0.8679245283018868,,openml_iris,openml,,,outputs/openml/runs/openml_iris/seed_0/metrics.csv,53.0,97.0,openml,,,,,,,,,,,,,selector,0,standard,False,False,random,classification,1.0,1.0,212.0,212.0,0.0,1.0,1.0,388.0,388.0,0.0
0.8113207547169812,,openml_iris,openml,,,outputs/openml/runs/openml_iris/seed_0/metrics.csv,53.0,97.0,openml,0.0,4.0,97.0,0.0,0.0,0.26980000000000026,True,zscore:4,8.0,0.0,,,ranc,0,,False,False,random,classification,1.0,1.0,212.0,212.0,0.0,1.0,1.0,388.0,388.0,0.0
0.8867924528301887,,openml_iris,openml,,,outputs/openml/runs/openml_iris/seed_1/metrics.csv,53.0,97.0,openml,,,,,,,,,,,,,none,1,,False,False,random,classification,1.0,1.0,212.0,212.0,0.0,1.0,1.0,388.0,388.0,0.0
0.8679245283018868,,openml_iris,openml,,,outputs/openml/runs/openml_iris/seed_1/metrics.csv,53.0,97.0,openml,,,,,,,,,,,,,standard,1,,False,False,random,classification,1.0,1.0,212.0,212.0,0.0,1.0,1.0,388.0,388.0,0.0
0.8301886792452831,,openml_iris,openml,,,outputs/openml/runs/openml_iris/seed_1/metrics.csv,53.0,97.0,openml,,,,,,,,,,,,,robust,1,,False,False,random,classification,1.0,1.0,212.0,212.0,0.0,1.0,1.0,388.0,388.0,0.0
0.6981132075471698,,openml_iris,openml,,,outputs/openml/runs/openml_iris/seed_1/metrics.csv,53.0,97.0,openml,,,,,,,,,,,,,maxabs,1,,False,False,random,classification,1.0,1.0,212.0,212.0,0.0,1.0,1.0,388.0,388.0,0.0
0.8490566037735849,,openml_iris,openml,,,outputs/openml/runs/openml_iris/seed_1/metrics.csv,53.0,97.0,openml,,,,,,,,,,,,,selector,1,quantile,False,False,random,classification,1.0,1.0,212.0,212.0,0.0,0.9768041237113402,1.0,379.0,388.0,-9.0
0.8490566037735849,,openml_iris,openml,,,outputs/openml/runs/openml_iris/seed_1/metrics.csv,53.0,97.0,openml,0.0,4.0,97.0,0.0,0.0,0.3854285714285717,True,zscore:4,8.0,0.0,,,ranc,1,,False,False,random,classification,1.0,1.0,212.0,212.0,0.0,1.0,1.0,388.0,388.0,0.0
0.9433962264150944,,openml_iris,openml,,,outputs/openml/runs/openml_iris/seed_2/metrics.csv,53.0,97.0,openml,,,,,,,,,,,,,none,2,,False,False,random,classification,1.0,1.0,212.0,212.0,0.0,1.0,1.0,388.0,388.0,0.0
0.9056603773584906,,openml_iris,openml,,,outputs/openml/runs/openml_iris/seed_2/metrics.csv,53.0,97.0,openml,,,,,,,,,,,,,standard,2,,False,False,random,classification,1.0,1.0,212.0,212.0,0.0,1.0,1.0,388.0,388.0,0.0
0.8867924528301887,,openml_iris,openml,,,outputs/openml/runs/openml_iris/seed_2/metrics.csv,53.0,97.0,openml,,,,,,,,,,,,,robust,2,,False,False,random,classification,1.0,1.0,212.0,212.0,0.0,1.0,1.0,388.0,388.0,0.0
0.8679245283018868,,openml_iris,openml,,,outputs/openml/runs/openml_iris/seed_2/metrics.csv,53.0,97.0,openml,,,,,,,,,,,,,maxabs,2,,False,False,random,classification,1.0,1.0,212.0,212.0,0.0,1.0,1.0,388.0,388.0,0.0
0.8867924528301887,,openml_iris,openml,,,outputs/openml/runs/openml_iris/seed_2/metrics.csv,53.0,97.0,openml,,,,,,,,,,,,,selector,2,power,False,False,random,classification,1.0,1.0,212.0,212.0,0.0,1.0,1.0,388.0,388.0,0.0
0.9056603773584906,,openml_iris,openml,,,outputs/openml/runs/openml_iris/seed_2/metrics.csv,53.0,97.0,openml,0.0,4.0,97.0,0.0,0.0,0.1734428571428572,True,zscore:4,8.0,0.0,,,ranc,2,,False,False,random,classification,1.0,1.0,212.0,212.0,0.0,1.0,1.0,388.0,388.0,0.0
0.7371428571428571,0.7593808630393994,openml_credit_g,openml,,,outputs/openml/runs/openml_credit_g/seed_0/metrics.csv,350.0,650.0,uci_via_openml,,,,,,,,,,,,,none,0,,False,False,random,classification,0.32786885245901637,0.32786885245901637,7000.0,7000.0,0.0,0.32786885245901637,0.32786885245901637,13000.0,13000.0,0.0
0.74,0.7522279549718575,openml_credit_g,openml,,,outputs/openml/runs/openml_credit_g/seed_0/metrics.csv,350.0,650.0,uci_via_openml,,,,,,,,,,,,,standard,0,,False,False,random,classification,0.32786885245901637,0.32786885245901637,7000.0,7000.0,0.0,0.32786885245901637,0.32786885245901637,13000.0,13000.0,0.0
0.7371428571428571,0.7582473420888055,openml_credit_g,openml,,,outputs/openml/runs/openml_credit_g/seed_0/metrics.csv,350.0,650.0,uci_via_openml,,,,,,,,,,,,,robust,0,,False,False,random,classification,0.32786885245901637,0.32786885245901637,7000.0,7000.0,0.0,0.32786885245901637,0.32786885245901637,13000.0,13000.0,0.0
0.7257142857142858,0.7512507817385866,openml_credit_g,openml,,,outputs/openml/runs/openml_credit_g/seed_0/metrics.csv,350.0,650.0,uci_via_openml,,,,,,,,,,,,,maxabs,0,,False,False,random,classification,0.32786885245901637,0.32786885245901637,7000.0,7000.0,0.0,0.32786885245901637,0.32786885245901637,13000.0,13000.0,0.0
0.7428571428571429,0.7489837398373984,openml_credit_g,openml,,,outputs/openml/runs/openml_credit_g/seed_0/metrics.csv,350.0,650.0,uci_via_openml,,,,,,,,,,,,,quantile,0,,False,False,random,classification,0.2983606557377049,0.32786885245901637,6370.0,7000.0,-630.0,0.2995208070617907,0.32786885245901637,11876.0,13000.0,-1124.0
0.7371428571428571,0.7582473420888055,openml_credit_g,openml,,,outputs/openml/runs/openml_credit_g/seed_0/metrics.csv,350.0,650.0,uci_via_openml,,,,,,,,,,,,,selector,0,robust,False,False,random,classification,0.32786885245901637,0.32786885245901637,7000.0,7000.0,0.0,0.32786885245901637,0.32786885245901637,13000.0,13000.0,0.0
0.7342857142857143,0.7521497811131957,openml_credit_g,openml,,,outputs/openml/runs/openml_credit_g/seed_0/metrics.csv,350.0,650.0,uci_via_openml,0.0,61.0,650.0,0.0,45.0,1.349,True,"maxabs:18, robust_affine:37, zscore:6",237.0,0.0,,,ranc,0,,False,False,random,classification,0.2989695550351288,0.32786885245901637,6383.0,7000.0,-617.0,0.2987641866330391,0.32786885245901637,11846.0,13000.0,-1154.0
0.7685714285714286,0.7627576462765957,openml_credit_g,openml,,,outputs/openml/runs/openml_credit_g/seed_1/metrics.csv,350.0,650.0,uci_via_openml,,,,,,,,,,,,,none,1,,False,False,random,classification,0.32786885245901637,0.32786885245901637,7000.0,7000.0,0.0,0.32786885245901637,0.32786885245901637,13000.0,13000.0,0.0
0.7628571428571429,0.7569398271276596,openml_credit_g,openml,,,outputs/openml/runs/openml_credit_g/seed_1/metrics.csv,350.0,650.0,uci_via_openml,,,,,,,,,,,,,standard,1,,False,False,random,classification,0.32786885245901637,0.32786885245901637,7000.0,7000.0,0.0,0.32786885245901637,0.32786885245901637,13000.0,13000.0,0.0
0.7714285714285715,0.7637549867021276,openml_credit_g,openml,,,outputs/openml/runs/openml_credit_g/seed_1/metrics.csv,350.0,650.0,uci_via_openml,,,,,,,,,,,,,robust,1,,False,False,random,classification,0.32786885245901637,0.32786885245901637,7000.0,7000.0,0.0,0.32786885245901637,0.32786885245901637,13000.0,13000.0,0.0
0.76,0.7691156914893619,openml_credit_g,openml,,,outputs/openml/runs/openml_credit_g/seed_1/metrics.csv,350.0,650.0,uci_via_openml,,,,,,,,,,,,,maxabs,1,,False,False,random,classification,0.32786885245901637,0.32786885245901637,7000.0,7000.0,0.0,0.32786885245901637,0.32786885245901637,13000.0,13000.0,0.0
0.7714285714285715,0.7620927526595744,openml_credit_g,openml,,,outputs/openml/runs/openml_credit_g/seed_1/metrics.csv,350.0,650.0,uci_via_openml,,,,,,,,,,,,,quantile,1,,False,False,random,classification,0.29939110070257613,0.32786885245901637,6392.0,7000.0,-608.0,0.2989911727616646,0.32786885245901637,11855.0,13000.0,-1145.0
0.76,0.7691156914893619,openml_credit_g,openml,,,outputs/openml/runs/openml_credit_g/seed_1/metrics.csv,350.0,650.0,uci_via_openml,,,,,,,,,,,,,selector,1,maxabs,False,False,random,classification,0.32786885245901637,0.32786885245901637,7000.0,7000.0,0.0,0.32786885245901637,0.32786885245901637,13000.0,13000.0,0.0
0.7657142857142857,0.7556931515957447,openml_credit_g,openml,,,outputs/openml/runs/openml_credit_g/seed_1/metrics.csv,350.0,650.0,uci_via_openml,0.0,61.0,650.0,0.0,46.0,0.6745,True,"maxabs:17, robust_affine:38, zscore:6",239.0,0.0,,,ranc,1,,False,False,random,classification,0.2994847775175644,0.32786885245901637,6394.0,7000.0,-606.0,0.29848675914249684,0.32786885245901637,11835.0,13000.0,-1165.0
0.7371428571428571,0.7846884541445212,openml_credit_g,openml,,,outputs/openml/runs/openml_credit_g/seed_2/metrics.csv,350.0,650.0,uci_via_openml,,,,,,,,,,,,,none,2,,False,False,random,classification,0.32786885245901637,0.32786885245901637,7000.0,7000.0,0.0,0.32786885245901637,0.32786885245901637,13000.0,13000.0,0.0
0.7314285714285714,0.7766971992913415,openml_credit_g,openml,,,outputs/openml/runs/openml_credit_g/seed_2/metrics.csv,350.0,650.0,uci_via_openml,,,,,,,,,,,,,standard,2,,False,False,random,classification,0.32786885245901637,0.32786885245901637,7000.0,7000.0,0.0,0.32786885245901637,0.32786885245901637,13000.0,13000.0,0.0
0.7285714285714285,0.7827283350295903,openml_credit_g,openml,,,outputs/openml/runs/openml_credit_g/seed_2/metrics.csv,350.0,650.0,uci_via_openml,,,,,,,,,,,,,robust,2,,False,False,random,classification,0.32786885245901637,0.32786885245901637,7000.0,7000.0,0.0,0.32786885245901637,0.32786885245901637,13000.0,13000.0,0.0
0.74,0.7788080967997285,openml_credit_g,openml,,,outputs/openml/runs/openml_credit_g/seed_2/metrics.csv,350.0,650.0,uci_via_openml,,,,,,,,,,,,,maxabs,2,,False,False,random,classification,0.32786885245901637,0.32786885245901637,7000.0,7000.0,0.0,0.32786885245901637,0.32786885245901637,13000.0,13000.0,0.0
0.7342857142857143,0.7706283689547289,openml_credit_g,openml,,,outputs/openml/runs/openml_credit_g/seed_2/metrics.csv,350.0,650.0,uci_via_openml,,,,,,,,,,,,,quantile,2,,False,False,random,classification,0.2990632318501171,0.32786885245901637,6385.0,7000.0,-615.0,0.29881462799495584,0.32786885245901637,11848.0,13000.0,-1152.0
0.7314285714285714,0.7766971992913415,openml_credit_g,openml,,,outputs/openml/runs/openml_credit_g/seed_2/metrics.csv,350.0,650.0,uci_via_openml,,,,,,,,,,,,,selector,2,standard,False,False,random,classification,0.32786885245901637,0.32786885245901637,7000.0,7000.0,0.0,0.32786885245901637,0.32786885245901637,13000.0,13000.0,0.0
0.7314285714285714,0.7761317803158807,openml_credit_g,openml,,,outputs/openml/runs/openml_credit_g/seed_2/metrics.csv,350.0,650.0,uci_via_openml,0.0,61.0,650.0,0.0,45.0,0.6745,True,"maxabs:18, robust_affine:37, zscore:6",237.0,0.0,,,ranc,2,,False,False,random,classification,0.29859484777517564,0.32786885245901637,6375.0,7000.0,-625.0,0.2989659520807062,0.32786885245901637,11854.0,13000.0,-1146.0
0.9137181874612043,0.9643317068182616,openml_spambase,openml,,,outputs/openml/runs/openml_spambase/seed_0/metrics.csv,1611.0,2990.0,uci_via_openml,,,,,,,,,,,,,none,0,,False,False,random,classification,0.22550012523549717,0.22550012523549717,20707.0,20707.0,0.0,0.22604001642903246,0.22604001642903246,38524.0,38524.0,0.0
0.909993792675357,0.963173334100256,openml_spambase,openml,,,outputs/openml/runs/openml_spambase/seed_0/metrics.csv,1611.0,2990.0,uci_via_openml,,,,,,,,,,,,,standard,0,,False,False,random,classification,0.22550012523549717,0.22550012523549717,20707.0,20707.0,0.0,0.22604001642903246,0.22604001642903246,38524.0,38524.0,0.0
0.9124767225325885,0.9650938361789358,openml_spambase,openml,,,outputs/openml/runs/openml_spambase/seed_0/metrics.csv,1611.0,2990.0,uci_via_openml,,,,,,,,,,,,,robust,0,,False,False,random,classification,0.22550012523549717,0.22550012523549717,20707.0,20707.0,0.0,0.22604001642903246,0.22604001642903246,38524.0,38524.0,0.0
0.8789571694599627,0.9390648017664784,openml_spambase,openml,,,outputs/openml/runs/openml_spambase/seed_0/metrics.csv,1611.0,2990.0,uci_via_openml,,,,,,,,,,,,,maxabs,0,,False,False,random,classification,0.22550012523549717,0.22550012523549717,20707.0,20707.0,0.0,0.22604001642903246,0.22604001642903246,38524.0,38524.0,0.0
0.9410304158907511,0.9814181038477147,openml_spambase,openml,,,outputs/openml/runs/openml_spambase/seed_0/metrics.csv,1611.0,2990.0,uci_via_openml,,,,,,,,,,,,,quantile,0,,False,False,random,classification,0.22278850447036275,0.22550012523549717,20458.0,20707.0,-249.0,0.22335269612157485,0.22604001642903246,38066.0,38524.0,-458.0
0.9416511483550589,0.9807742083920509,openml_spambase,openml,,,outputs/openml/runs/openml_spambase/seed_0/metrics.csv,1611.0,2990.0,uci_via_openml,,,,,,,,,,,,,selector,0,power,False,False,random,classification,1.0,0.22550012523549717,91827.0,20707.0,71120.0,1.0,0.22604001642903246,170430.0,38524.0,131906.0
0.9130974549968963,0.9642102774023052,openml_spambase,openml,,,outputs/openml/runs/openml_spambase/seed_0/metrics.csv,1611.0,2990.0,uci_via_openml,0.0,57.0,2990.0,0.0,56.0,0.2561392405063291,True,"maxabs:5, robust_affine:52",270.0,0.0,,,ranc,0,,False,False,random,classification,0.22485761268472235,0.22550012523549717,20648.0,20707.0,-59.0,0.22552367540925894,0.22604001642903246,38436.0,38524.0,-88.0
0.9199255121042831,0.9698617373296446,openml_spambase,openml,,,outputs/openml/runs/openml_spambase/seed_1/metrics.csv,1611.0,2990.0,uci_via_openml,,,,,,,,,,,,,none,1,,False,False,random,classification,0.2273732126716543,0.2273732126716543,20879.0,20879.0,0.0,0.22503080443583875,0.22503080443583875,38352.0,38352.0,0.0
0.9224084419615146,0.9681753348075395,openml_spambase,openml,,,outputs/openml/runs/openml_spambase/seed_1/metrics.csv,1611.0,2990.0,uci_via_openml,,,,,,,,,,,,,standard,1,,False,False,random,classification,0.2273732126716543,0.2273732126716543,20879.0,20879.0,0.0,0.22503080443583875,0.22503080443583875,38352.0,38352.0,0.0
0.9224084419615146,0.9704249351445009,openml_spambase,openml,,,outputs/openml/runs/openml_spambase/seed_1/metrics.csv,1611.0,2990.0,uci_via_openml,,,,,,,,,,,,,robust,1,,False,False,random,classification,0.2273732126716543,0.2273732126716543,20879.0,20879.0,0.0,0.22503080443583875,0.22503080443583875,38352.0,38352.0,0.0
0.8913718187461204,0.949797216877427,openml_spambase,openml,,,outputs/openml/runs/openml_spambase/seed_1/metrics.csv,1611.0,2990.0,uci_via_openml,,,,,,,,,,,,,maxabs,1,,False,False,random,classification,0.2273732126716543,0.2273732126716543,20879.0,20879.0,0.0,0.22503080443583875,0.22503080443583875,38352.0,38352.0,0.0
0.9354438237119801,0.9804508135256823,openml_spambase,openml,,,outputs/openml/runs/openml_spambase/seed_1/metrics.csv,1611.0,2990.0,uci_via_openml,,,,,,,,,,,,,quantile,1,,False,False,random,classification,0.22479227242532152,0.2273732126716543,20642.0,20879.0,-237.0,0.22227307398932114,0.22503080443583875,37882.0,38352.0,-470.0
0.9354438237119801,0.9804508135256823,openml_spambase,openml,,,outputs/openml/runs/openml_spambase/seed_1/metrics.csv,1611.0,2990.0,uci_via_openml,,,,,,,,,,,,,selector,1,quantile,False,False,random,classification,0.22479227242532152,0.2273732126716543,20642.0,20879.0,-237.0,0.22227307398932114,0.22503080443583875,37882.0,38352.0,-470.0
0.9168218497827436,0.9679152746267419,openml_spambase,openml,,,outputs/openml/runs/openml_spambase/seed_1/metrics.csv,1611.0,2990.0,uci_via_openml,0.0,57.0,2990.0,0.0,55.0,0.2698,True,"maxabs:6, robust_affine:51",267.0,0.0,,,ranc,1,,False,False,random,classification,0.22712274167728447,0.2273732126716543,20856.0,20879.0,-23.0,0.22474916387959867,0.22503080443583875,38304.0,38352.0,-48.0
0.9174425822470516,0.9710734011046185,openml_spambase,openml,,,outputs/openml/runs/openml_spambase/seed_2/metrics.csv,1611.0,2990.0,uci_via_openml,,,,,,,,,,,,,none,2,,False,False,random,classification,0.22767813388219152,0.22767813388219152,20907.0,20907.0,0.0,0.22486651411136538,0.22486651411136538,38324.0,38324.0,0.0
0.9162011173184358,0.9691795405427039,openml_spambase,openml,,,outputs/openml/runs/openml_spambase/seed_2/metrics.csv,1611.0,2990.0,uci_via_openml,,,,,,,,,,,,,standard,2,,False,False,random,classification,0.22767813388219152,0.22767813388219152,20907.0,20907.0,0.0,0.22486651411136538,0.22486651411136538,38324.0,38324.0,0.0
0.9180633147113594,0.9708748899383655,openml_spambase,openml,,,outputs/openml/runs/openml_spambase/seed_2/metrics.csv,1611.0,2990.0,uci_via_openml,,,,,,,,,,,,,robust,2,,False,False,random,classification,0.22767813388219152,0.22767813388219152,20907.0,20907.0,0.0,0.22486651411136538,0.22486651411136538,38324.0,38324.0,0.0
0.88268156424581,0.9436612503001681,openml_spambase,openml,,,outputs/openml/runs/openml_spambase/seed_2/metrics.csv,1611.0,2990.0,uci_via_openml,,,,,,,,,,,,,maxabs,2,,False,False,random,classification,0.22767813388219152,0.22767813388219152,20907.0,20907.0,0.0,0.22486651411136538,0.22486651411136538,38324.0,38324.0,0.0
0.9397889509621353,0.983153766109021,openml_spambase,openml,,,outputs/openml/runs/openml_spambase/seed_2/metrics.csv,1611.0,2990.0,uci_via_openml,,,,,,,,,,,,,quantile,2,,False,False,random,classification,0.2251516438520261,0.22767813388219152,20675.0,20907.0,-232.0,0.22207944610690605,0.22486651411136538,37849.0,38324.0,-475.0
0.9397889509621353,0.983153766109021,openml_spambase,openml,,,outputs/openml/runs/openml_spambase/seed_2/metrics.csv,1611.0,2990.0,uci_via_openml,,,,,,,,,,,,,selector,2,quantile,False,False,random,classification,0.2251516438520261,0.22767813388219152,20675.0,20907.0,-232.0,0.22207944610690605,0.22486651411136538,37849.0,38324.0,-475.0
0.9130974549968963,0.9711022172416554,openml_spambase,openml,,,outputs/openml/runs/openml_spambase/seed_2/metrics.csv,1611.0,2990.0,uci_via_openml,0.0,57.0,2990.0,0.0,55.0,0.188431746031746,True,"maxabs:5, robust_affine:52",270.0,0.0,,,ranc,2,,False,False,random,classification,0.2274167728445882,0.22767813388219152,20883.0,20907.0,-24.0,0.22450272839288857,0.22486651411136538,38262.0,38324.0,-62.0
,,openml_wine_quality,openml,,0.584899678989174,outputs/openml/runs/openml_wine_quality/seed_0/metrics.csv,2274.0,4223.0,uci_via_openml,,,,,,,,,,,,0.7470260900776401,none,0,,False,False,random,regression,0.9977212760853922,0.9977212760853922,24957.0,24957.0,0.0,0.9979764493143608,0.9979764493143608,46359.0,46359.0,0.0
,,openml_wine_quality,openml,,0.5835823047334835,outputs/openml/runs/openml_wine_quality/seed_0/metrics.csv,2274.0,4223.0,uci_via_openml,,,,,,,,,,,,0.7456721592159574,standard,0,,False,False,random,regression,0.9977212760853922,0.9977212760853922,24957.0,24957.0,0.0,0.9979764493143608,0.9979764493143608,46359.0,46359.0,0.0
,,openml_wine_quality,openml,,0.5835825209924157,outputs/openml/runs/openml_wine_quality/seed_0/metrics.csv,2274.0,4223.0,uci_via_openml,,,,,,,,,,,,0.7456691082058939,robust,0,,False,False,random,regression,0.9977212760853922,0.9977212760853922,24957.0,24957.0,0.0,0.9979764493143608,0.9979764493143608,46359.0,46359.0,0.0
,,openml_wine_quality,openml,,0.5840398224830038,outputs/openml/runs/openml_wine_quality/seed_0/metrics.csv,2274.0,4223.0,uci_via_openml,,,,,,,,,,,,0.7459764916579352,minmax,0,,False,False,random,regression,0.9974814104101704,0.9977212760853922,24951.0,24957.0,-6.0,0.9976750694250103,0.9979764493143608,46345.0,46359.0,-14.0
,,openml_wine_quality,openml,,0.5835825209924157,outputs/openml/runs/openml_wine_quality/seed_0/metrics.csv,2274.0,4223.0,uci_via_openml,,,,,,,,,,,,0.7456691082058939,selector,0,robust,False,False,random,regression,0.9977212760853922,0.9977212760853922,24957.0,24957.0,0.0,0.9979764493143608,0.9979764493143608,46359.0,46359.0,0.0
,,openml_wine_quality,openml,,0.5835823056855182,outputs/openml/runs/openml_wine_quality/seed_0/metrics.csv,2274.0,4223.0,uci_via_openml,0.0,11.0,4223.0,0.0,0.0,0.0899333333333334,True,zscore:11,28.0,0.0,,0.7456721588738409,ranc,0,,False,False,random,regression,1.0,0.9977212760853922,25014.0,24957.0,57.0,1.0,0.9979764493143608,46453.0,46359.0,94.0
,,openml_wine_quality,openml,,0.5612224660745759,outputs/openml/runs/openml_wine_quality/seed_1/metrics.csv,2274.0,4223.0,uci_via_openml,,,,,,,,,,,,0.7247028264237094,none,1,,False,False,random,regression,0.9979211641480771,0.9979211641480771,24962.0,24962.0,0.0,0.9978688136395927,0.9978688136395927,46354.0,46354.0,0.0
,,openml_wine_quality,openml,,0.5602656249875911,outputs/openml/runs/openml_wine_quality/seed_1/metrics.csv,2274.0,4223.0,uci_via_openml,,,,,,,,,,,,0.7233485834084828,standard,1,,False,False,random,regression,0.9979211641480771,0.9979211641480771,24962.0,24962.0,0.0,0.9978688136395927,0.9978688136395927,46354.0,46354.0,0.0
,,openml_wine_quality,openml,,0.5602624186076702,outputs/openml/runs/openml_wine_quality/seed_1/metrics.csv,2274.0,4223.0,uci_via_openml,,,,,,,,,,,,0.7233448242574403,robust,1,,False,False,random,regression,0.9979211641480771,0.9979211641480771,24962.0,24962.0,0.0,0.9978688136395927,0.9978688136395927,46354.0,46354.0,0.0
,,openml_wine_quality,openml,,0.5602809453228359,outputs/openml/runs/openml_wine_quality/seed_1/metrics.csv,2274.0,4223.0,uci_via_openml,,,,,,,,,,,,0.7234494715566735,minmax,1,,False,False,random,regression,0.9976812984728552,0.9979211641480771,24956.0,24962.0,-6.0,0.9974597980754741,0.9978688136395927,46335.0,46354.0,-19.0
,,openml_wine_quality,openml,,0.5602656249875911,outputs/openml/runs/openml_wine_quality/seed_1/metrics.csv,2274.0,4223.0,uci_via_openml,,,,,,,,,,,,0.7233485834084828,selector,1,standard,False,False,random,regression,0.9979211641480771,0.9979211641480771,24962.0,24962.0,0.0,0.9978688136395927,0.9978688136395927,46354.0,46354.0,0.0
,,openml_wine_quality,openml,,0.5602656247480859,outputs/openml/runs/openml_wine_quality/seed_1/metrics.csv,2274.0,4223.0,uci_via_openml,0.0,11.0,4223.0,0.0,0.0,0.07494444444444452,True,zscore:11,28.0,0.0,,0.7233485828547164,ranc,1,,False,False,random,regression,1.0,0.9979211641480771,25014.0,24962.0,52.0,1.0,0.9978688136395927,46453.0,46354.0,99.0
,,openml_wine_quality,openml,,0.5890670962682097,outputs/openml/runs/openml_wine_quality/seed_2/metrics.csv,2274.0,4223.0,uci_via_openml,,,,,,,,,,,,0.75292701563219,none,2,,False,False,random,regression,0.998201007435836,0.998201007435836,24969.0,24969.0,0.0,0.9977181236949174,0.9977181236949174,46347.0,46347.0,0.0
,,openml_wine_quality,openml,,0.5871150978505159,outputs/openml/runs/openml_wine_quality/seed_2/metrics.csv,2274.0,4223.0,uci_via_openml,,,,,,,,,,,,0.7511735084829808,standard,2,,False,False,random,regression,0.998201007435836,0.998201007435836,24969.0,24969.0,0.0,0.9977181236949174,0.9977181236949174,46347.0,46347.0,0.0
,,openml_wine_quality,openml,,0.587118243578191,outputs/openml/runs/openml_wine_quality/seed_2/metrics.csv,2274.0,4223.0,uci_via_openml,,,,,,,,,,,,0.7511763859802935,robust,2,,False,False,random,regression,0.998201007435836,0.998201007435836,24969.0,24969.0,0.0,0.9977181236949174,0.9977181236949174,46347.0,46347.0,0.0
,,openml_wine_quality,openml,,0.5876123327601379,outputs/openml/runs/openml_wine_quality/seed_2/metrics.csv,2274.0,4223.0,uci_via_openml,,,,,,,,,,,,0.7517520913866979,minmax,2,,False,False,random,regression,0.998041096985688,0.998201007435836,24965.0,24969.0,-4.0,0.9973736895356597,0.9977181236949174,46331.0,46347.0,-16.0
,,openml_wine_quality,openml,,0.587118243578191,outputs/openml/runs/openml_wine_quality/seed_2/metrics.csv,2274.0,4223.0,uci_via_openml,,,,,,,,,,,,0.7511763859802935,selector,2,robust,False,False,random,regression,0.998201007435836,0.998201007435836,24969.0,24969.0,0.0,0.9977181236949174,0.9977181236949174,46347.0,46347.0,0.0
,,openml_wine_quality,openml,,0.5871150994816078,outputs/openml/runs/openml_wine_quality/seed_2/metrics.csv,2274.0,4223.0,uci_via_openml,0.0,11.0,4223.0,0.0,0.0,0.14988888888888963,True,zscore:11,28.0,0.0,,0.7511735099006049,ranc,2,,False,False,random,regression,1.0,0.998201007435836,25014.0,24969.0,45.0,1.0,0.9977181236949174,46453.0,46347.0,106.0
0.7955390334572491,0.8498751560549314,openml_diabetes,openml,,,outputs/openml/runs/openml_diabetes/seed_0/metrics.csv,269.0,499.0,uci_via_openml,,,,,,,,,,,,,none,0,,False,False,random,classification,0.8689591078066915,0.8689591078066915,1870.0,1870.0,0.0,0.8795090180360722,0.8795090180360722,3511.0,3511.0,0.0
0.7955390334572491,0.85,openml_diabetes,openml,,,outputs/openml/runs/openml_diabetes/seed_0/metrics.csv,269.0,499.0,uci_via_openml,,,,,,,,,,,,,standard,0,,False,False,random,classification,0.8689591078066915,0.8689591078066915,1870.0,1870.0,0.0,0.8795090180360722,0.8795090180360722,3511.0,3511.0,0.0
0.7955390334572491,0.8496878901373284,openml_diabetes,openml,,,outputs/openml/runs/openml_diabetes/seed_0/metrics.csv,269.0,499.0,uci_via_openml,,,,,,,,,,,,,robust,0,,False,False,random,classification,0.8689591078066915,0.8689591078066915,1870.0,1870.0,0.0,0.8795090180360722,0.8795090180360722,3511.0,3511.0,0.0
0.7843866171003717,0.8439450686641699,openml_diabetes,openml,,,outputs/openml/runs/openml_diabetes/seed_0/metrics.csv,269.0,499.0,uci_via_openml,,,,,,,,,,,,,maxabs,0,,False,False,random,classification,0.8689591078066915,0.8689591078066915,1870.0,1870.0,0.0,0.8795090180360722,0.8795090180360722,3511.0,3511.0,0.0
0.7657992565055762,0.8388888888888889,openml_diabetes,openml,,,outputs/openml/runs/openml_diabetes/seed_0/metrics.csv,269.0,499.0,uci_via_openml,,,,,,,,,,,,,quantile,0,,False,False,random,classification,0.8554832713754646,0.8689591078066915,1841.0,1870.0,-29.0,0.8704909819639278,0.8795090180360722,3475.0,3511.0,-36.0
0.7843866171003717,0.8439450686641699,openml_diabetes,openml,,,outputs/openml/runs/openml_diabetes/seed_0/metrics.csv,269.0,499.0,uci_via_openml,,,,,,,,,,,,,selector,0,maxabs,False,False,random,classification,0.8689591078066915,0.8689591078066915,1870.0,1870.0,0.0,0.8795090180360722,0.8795090180360722,3511.0,3511.0,0.0
0.7843866171003717,0.8423220973782772,openml_diabetes,openml,,,outputs/openml/runs/openml_diabetes/seed_0/metrics.csv,269.0,499.0,uci_via_openml,0.0,8.0,499.0,0.0,3.0,0.24809195402298848,True,"maxabs:3, zscore:5",18.0,0.0,,,ranc,0,,False,False,random,classification,0.8768587360594795,0.8689591078066915,1887.0,1870.0,17.0,0.8880260521042084,0.8795090180360722,3545.0,3511.0,34.0
0.7695167286245354,0.8377495462794918,openml_diabetes,openml,,,outputs/openml/runs/openml_diabetes/seed_1/metrics.csv,269.0,499.0,uci_via_openml,,,,,,,,,,,,,none,1,,False,False,random,classification,0.8889405204460966,0.8889405204460966,1913.0,1913.0,0.0,0.8687374749498998,0.8687374749498998,3468.0,3468.0,0.0
0.7695167286245354,0.8384150030248034,openml_diabetes,openml,,,outputs/openml/runs/openml_diabetes/seed_1/metrics.csv,269.0,499.0,uci_via_openml,,,,,,,,,,,,,standard,1,,False,False,random,classification,0.8889405204460966,0.8889405204460966,1913.0,1913.0,0.0,0.8687374749498998,0.8687374749498998,3468.0,3468.0,0.0
0.7695167286245354,0.8384150030248033,openml_diabetes,openml,,,outputs/openml/runs/openml_diabetes/seed_1/metrics.csv,269.0,499.0,uci_via_openml,,,,,,,,,,,,,robust,1,,False,False,random,classification,0.8889405204460966,0.8889405204460966,1913.0,1913.0,0.0,0.8687374749498998,0.8687374749498998,3468.0,3468.0,0.0
0.7732342007434945,0.8437386569872958,openml_diabetes,openml,,,outputs/openml/runs/openml_diabetes/seed_1/metrics.csv,269.0,499.0,uci_via_openml,,,,,,,,,,,,,maxabs,1,,False,False,random,classification,0.8889405204460966,0.8889405204460966,1913.0,1913.0,0.0,0.8687374749498998,0.8687374749498998,3468.0,3468.0,0.0
0.7806691449814126,0.861826981246219,openml_diabetes,openml,,,outputs/openml/runs/openml_diabetes/seed_1/metrics.csv,269.0,499.0,uci_via_openml,,,,,,,,,,,,,quantile,1,,False,False,random,classification,0.879182156133829,0.8889405204460966,1892.0,1913.0,-21.0,0.8572144288577155,0.8687374749498998,3422.0,3468.0,-46.0
0.7806691449814126,0.861826981246219,openml_diabetes,openml,,,outputs/openml/runs/openml_diabetes/seed_1/metrics.csv,269.0,499.0,uci_via_openml,,,,,,,,,,,,,selector,1,quantile,False,False,random,classification,0.879182156133829,0.8889405204460966,1892.0,1913.0,-21.0,0.8572144288577155,0.8687374749498998,3422.0,3468.0,-46.0
0.7769516728624535,0.847912885662432,openml_diabetes,openml,,,outputs/openml/runs/openml_diabetes/seed_1/metrics.csv,269.0,499.0,uci_via_openml,0.0,8.0,499.0,0.0,2.0,0.1574974619289333,True,"maxabs:3, zscore:5",18.0,0.0,,,ranc,1,,False,False,random,classification,0.8977695167286245,0.8889405204460966,1932.0,1913.0,19.0,0.8767535070140281,0.8687374749498998,3500.0,3468.0,32.0
0.7397769516728625,0.7641304347826087,openml_diabetes,openml,,,outputs/openml/runs/openml_diabetes/seed_2/metrics.csv,269.0,499.0,uci_via_openml,,,,,,,,,,,,,none,2,,False,False,random,classification,0.8675650557620818,0.8675650557620818,1867.0,1867.0,0.0,0.8802605210420842,0.8802605210420842,3514.0,3514.0,0.0
0.7472118959107806,0.7652813299232737,openml_diabetes,openml,,,outputs/openml/runs/openml_diabetes/seed_2/metrics.csv,269.0,499.0,uci_via_openml,,,,,,,,,,,,,standard,2,,False,False,random,classification,0.8675650557620818,0.8675650557620818,1867.0,1867.0,0.0,0.8802605210420842,0.8802605210420842,3514.0,3514.0,0.0
0.7472118959107806,0.7664322250639386,openml_diabetes,openml,,,outputs/openml/runs/openml_diabetes/seed_2/metrics.csv,269.0,499.0,uci_via_openml,,,,,,,,,,,,,robust,2,,False,False,random,classification,0.8675650557620818,0.8675650557620818,1867.0,1867.0,0.0,0.8802605210420842,0.8802605210420842,3514.0,3514.0,0.0
0.7509293680297398,0.7811381074168798,openml_diabetes,openml,,,outputs/openml/runs/openml_diabetes/seed_2/metrics.csv,269.0,499.0,uci_via_openml,,,,,,,,,,,,,maxabs,2,,False,False,random,classification,0.8675650557620818,0.8675650557620818,1867.0,1867.0,0.0,0.8802605210420842,0.8802605210420842,3514.0,3514.0,0.0
0.758364312267658,0.825383631713555,openml_diabetes,openml,,,outputs/openml/runs/openml_diabetes/seed_2/metrics.csv,269.0,499.0,uci_via_openml,,,,,,,,,,,,,quantile,2,,False,False,random,classification,0.8587360594795539,0.8675650557620818,1848.0,1867.0,-19.0,0.8689879759519038,0.8802605210420842,3469.0,3514.0,-45.0
0.758364312267658,0.825383631713555,openml_diabetes,openml,,,outputs/openml/runs/openml_diabetes/seed_2/metrics.csv,269.0,499.0,uci_via_openml,,,,,,,,,,,,,selector,2,quantile,False,False,random,classification,0.8587360594795539,0.8675650557620818,1848.0,1867.0,-19.0,0.8689879759519038,0.8802605210420842,3469.0,3514.0,-45.0
0.7732342007434945,0.8156010230179028,openml_diabetes,openml,,,outputs/openml/runs/openml_diabetes/seed_2/metrics.csv,269.0,499.0,uci_via_openml,0.0,8.0,499.0,0.0,3.0,0.4547191011235955,True,"maxabs:3, zscore:5",18.0,0.0,,,ranc,2,,False,False,random,classification,0.8782527881040892,0.8675650557620818,1890.0,1867.0,23.0,0.8872745490981964,0.8802605210420842,3542.0,3514.0,28.0
0.8471074380165289,0.9208030460366908,openml_credit_approval,openml,,,outputs/openml/runs/openml_credit_approval/seed_0/metrics.csv,242.0,448.0,uci_via_openml,,,,,,,,,,,,,none,0,,False,False,random,classification,0.26697455841840867,0.26697455841840867,3295.0,3295.0,0.0,0.2689075630252101,0.2689075630252101,6144.0,6144.0,0.0
0.8429752066115702,0.8987192800276912,openml_credit_approval,openml,,,outputs/openml/runs/openml_credit_approval/seed_0/metrics.csv,242.0,448.0,uci_via_openml,,,,,,,,,,,,,standard,0,,False,False,random,classification,0.26697455841840867,0.26697455841840867,3295.0,3295.0,0.0,0.2689075630252101,0.2689075630252101,6144.0,6144.0,0.0
0.859504132231405,0.9189338871581862,openml_credit_approval,openml,,,outputs/openml/runs/openml_credit_approval/seed_0/metrics.csv,242.0,448.0,uci_via_openml,,,,,,,,,,,,,robust,0,,False,False,random,classification,0.26697455841840867,0.26697455841840867,3295.0,3295.0,0.0,0.2689075630252101,0.2689075630252101,6144.0,6144.0,0.0
0.859504132231405,0.909865005192108,openml_credit_approval,openml,,,outputs/openml/runs/openml_credit_approval/seed_0/metrics.csv,242.0,448.0,uci_via_openml,,,,,,,,,,,,,maxabs,0,,False,False,random,classification,0.26697455841840867,0.26697455841840867,3295.0,3295.0,0.0,0.2689075630252101,0.2689075630252101,6144.0,6144.0,0.0
0.8388429752066116,0.9127033575631707,openml_credit_approval,openml,,,outputs/openml/runs/openml_credit_approval/seed_0/metrics.csv,242.0,448.0,uci_via_openml,,,,,,,,,,,,,quantile,0,,False,False,random,classification,0.26697455841840867,0.26697455841840867,3295.0,3295.0,0.0,0.26886379551820727,0.2689075630252101,6143.0,6144.0,-1.0
0.8388429752066116,0.9127033575631707,openml_credit_approval,openml,,,outputs/openml/runs/openml_credit_approval/seed_0/metrics.csv,242.0,448.0,uci_via_openml,,,,,,,,,,,,,selector,0,quantile,False,False,random,classification,0.26697455841840867,0.26697455841840867,3295.0,3295.0,0.0,0.26886379551820727,0.2689075630252101,6143.0,6144.0,-1.0
0.8553719008264463,0.9115957078573901,openml_credit_approval,openml,,,outputs/openml/runs/openml_credit_approval/seed_0/metrics.csv,242.0,448.0,uci_via_openml,0.0,51.0,448.0,0.0,35.0,1.349,True,"maxabs:25, robust_affine:24, zscore:2",176.0,0.0,,,ranc,0,,False,False,random,classification,0.26737967914438504,0.26697455841840867,3300.0,3295.0,5.0,0.2695203081232493,0.2689075630252101,6158.0,6144.0,14.0
0.9008264462809917,0.944047619047619,openml_credit_approval,openml,,,outputs/openml/runs/openml_credit_approval/seed_1/metrics.csv,242.0,448.0,uci_via_openml,,,,,,,,,,,,,none,1,,False,False,random,classification,0.2702965483714147,0.2702965483714147,3336.0,3336.0,0.0,0.26711309523809523,0.26711309523809523,6103.0,6103.0,0.0
0.8842975206611571,0.9337535014005602,openml_credit_approval,openml,,,outputs/openml/runs/openml_credit_approval/seed_1/metrics.csv,242.0,448.0,uci_via_openml,,,,,,,,,,,,,standard,1,,False,False,random,classification,0.2702965483714147,0.2702965483714147,3336.0,3336.0,0.0,0.26711309523809523,0.26711309523809523,6103.0,6103.0,0.0
0.8925619834710744,0.9453081232492997,openml_credit_approval,openml,,,outputs/openml/runs/openml_credit_approval/seed_1/metrics.csv,242.0,448.0,uci_via_openml,,,,,,,,,,,,,robust,1,,False,False,random,classification,0.2702965483714147,0.2702965483714147,3336.0,3336.0,0.0,0.26711309523809523,0.26711309523809523,6103.0,6103.0,0.0
0.8801652892561983,0.942436974789916,openml_credit_approval,openml,,,outputs/openml/runs/openml_credit_approval/seed_1/metrics.csv,242.0,448.0,uci_via_openml,,,,,,,,,,,,,maxabs,1,,False,False,random,classification,0.2702965483714147,0.2702965483714147,3336.0,3336.0,0.0,0.26711309523809523,0.26711309523809523,6103.0,6103.0,0.0
0.8801652892561983,0.9392156862745098,openml_credit_approval,openml,,,outputs/openml/runs/openml_credit_approval/seed_1/metrics.csv,242.0,448.0,uci_via_openml,,,,,,,,,,,,,quantile,1,,False,False,random,classification,0.2702155242262194,0.2702965483714147,3335.0,3336.0,-1.0,0.26706932773109243,0.26711309523809523,6102.0,6103.0,-1.0
0.8842975206611571,0.9337535014005602,openml_credit_approval,openml,,,outputs/openml/runs/openml_credit_approval/seed_1/metrics.csv,242.0,448.0,uci_via_openml,,,,,,,,,,,,,selector,1,standard,False,False,random,classification,0.2702965483714147,0.2702965483714147,3336.0,3336.0,0.0,0.26711309523809523,0.26711309523809523,6103.0,6103.0,0.0
0.8801652892561983,0.9418767507002801,openml_credit_approval,openml,,,outputs/openml/runs/openml_credit_approval/seed_1/metrics.csv,242.0,448.0,uci_via_openml,0.0,51.0,448.0,0.0,43.0,0.6745,True,"maxabs:17, robust_affine:32, zscore:2",200.0,0.0,,,ranc,1,,False,False,random,classification,0.2711067898233674,0.2702965483714147,3346.0,3336.0,10.0,0.26750700280112044,0.26711309523809523,6112.0,6103.0,9.0
0.871900826446281,0.9493169398907104,openml_credit_approval,openml,,,outputs/openml/runs/openml_credit_approval/seed_2/metrics.csv,242.0,448.0,uci_via_openml,,,,,,,,,,,,,none,2,,False,False,random,classification,0.26916221033868093,0.26916221033868093,3322.0,3322.0,0.0,0.26772584033613445,0.26772584033613445,6117.0,6117.0,0.0
0.8677685950413223,0.9383196721311475,openml_credit_approval,openml,,,outputs/openml/runs/openml_credit_approval/seed_2/metrics.csv,242.0,448.0,uci_via_openml,,,,,,,,,,,,,standard,2,,False,False,random,classification,0.26916221033868093,0.26916221033868093,3322.0,3322.0,0.0,0.26772584033613445,0.26772584033613445,6117.0,6117.0,0.0
0.8760330578512396,0.9492486338797814,openml_credit_approval,openml,,,outputs/openml/runs/openml_credit_approval/seed_2/metrics.csv,242.0,448.0,uci_via_openml,,,,,,,,,,,,,robust,2,,False,False,random,classification,0.26916221033868093,0.26916221033868093,3322.0,3322.0,0.0,0.26772584033613445,0.26772584033613445,6117.0,6117.0,0.0
0.8842975206611571,0.9383879781420763,openml_credit_approval,openml,,,outputs/openml/runs/openml_credit_approval/seed_2/metrics.csv,242.0,448.0,uci_via_openml,,,,,,,,,,,,,maxabs,2,,False,False,random,classification,0.26916221033868093,0.26916221033868093,3322.0,3322.0,0.0,0.26772584033613445,0.26772584033613445,6117.0,6117.0,0.0
0.871900826446281,0.9435792349726776,openml_credit_approval,openml,,,outputs/openml/runs/openml_credit_approval/seed_2/metrics.csv,242.0,448.0,uci_via_openml,,,,,,,,,,,,,quantile,2,,False,False,random,classification,0.26908118619348564,0.26916221033868093,3321.0,3322.0,-1.0,0.26768207282913165,0.26772584033613445,6116.0,6117.0,-1.0
0.8677685950413223,0.9383196721311475,openml_credit_approval,openml,,,outputs/openml/runs/openml_credit_approval/seed_2/metrics.csv,242.0,448.0,uci_via_openml,,,,,,,,,,,,,selector,2,standard,False,False,random,classification,0.26916221033868093,0.26916221033868093,3322.0,3322.0,0.0,0.26772584033613445,0.26772584033613445,6117.0,6117.0,0.0
0.871900826446281,0.9365437158469946,openml_credit_approval,openml,,,outputs/openml/runs/openml_credit_approval/seed_2/metrics.csv,242.0,448.0,uci_via_openml,0.0,51.0,448.0,0.0,41.0,1.349,True,"maxabs:19, robust_affine:30, zscore:2",192.0,0.0,,,ranc,2,,False,False,random,classification,0.26956733106465725,0.26916221033868093,3327.0,3322.0,5.0,0.26833858543417366,0.26772584033613445,6131.0,6117.0,14.0
0.8721461187214612,,openml_balance_scale,openml,,,outputs/openml/runs/openml_balance_scale/seed_0/metrics.csv,219.0,406.0,uci_via_openml,,,,,,,,,,,,,none,0,,False,False,random,classification,1.0,1.0,876.0,876.0,0.0,1.0,1.0,1624.0,1624.0,0.0
0.8721461187214612,,openml_balance_scale,openml,,,outputs/openml/runs/openml_balance_scale/seed_0/metrics.csv,219.0,406.0,uci_via_openml,,,,,,,,,,,,,standard,0,,False,False,random,classification,1.0,1.0,876.0,876.0,0.0,1.0,1.0,1624.0,1624.0,0.0
0.867579908675799,,openml_balance_scale,openml,,,outputs/openml/runs/openml_balance_scale/seed_0/metrics.csv,219.0,406.0,uci_via_openml,,,,,,,,,,,,,robust,0,,False,False,random,classification,1.0,1.0,876.0,876.0,0.0,1.0,1.0,1624.0,1624.0,0.0
0.8584474885844748,,openml_balance_scale,openml,,,outputs/openml/runs/openml_balance_scale/seed_0/metrics.csv,219.0,406.0,uci_via_openml,,,,,,,,,,,,,maxabs,0,,False,False,random,classification,1.0,1.0,876.0,876.0,0.0,1.0,1.0,1624.0,1624.0,0.0
0.867579908675799,,openml_balance_scale,openml,,,outputs/openml/runs/openml_balance_scale/seed_0/metrics.csv,219.0,406.0,uci_via_openml,,,,,,,,,,,,,quantile,0,,False,False,random,classification,0.7990867579908676,1.0,700.0,876.0,-176.0,0.8004926108374384,1.0,1300.0,1624.0,-324.0
0.8721461187214612,,openml_balance_scale,openml,,,outputs/openml/runs/openml_balance_scale/seed_0/metrics.csv,219.0,406.0,uci_via_openml,,,,,,,,,,,,,selector,0,standard,False,False,random,classification,1.0,1.0,876.0,876.0,0.0,1.0,1.0,1624.0,1624.0,0.0
0.867579908675799,,openml_balance_scale,openml,,,outputs/openml/runs/openml_balance_scale/seed_0/metrics.csv,219.0,406.0,uci_via_openml,0.0,4.0,406.0,0.0,0.0,0.0,True,zscore:4,8.0,0.0,,,ranc,0,,False,False,random,classification,1.0,1.0,876.0,876.0,0.0,1.0,1.0,1624.0,1624.0,0.0
0.867579908675799,,openml_balance_scale,openml,,,outputs/openml/runs/openml_balance_scale/seed_1/metrics.csv,219.0,406.0,uci_via_openml,,,,,,,,,,,,,none,1,,False,False,random,classification,1.0,1.0,876.0,876.0,0.0,1.0,1.0,1624.0,1624.0,0.0
0.8584474885844748,,openml_balance_scale,openml,,,outputs/openml/runs/openml_balance_scale/seed_1/metrics.csv,219.0,406.0,uci_via_openml,,,,,,,,,,,,,standard,1,,False,False,random,classification,1.0,1.0,876.0,876.0,0.0,1.0,1.0,1624.0,1624.0,0.0
0.8584474885844748,,openml_balance_scale,openml,,,outputs/openml/runs/openml_balance_scale/seed_1/metrics.csv,219.0,406.0,uci_via_openml,,,,,,,,,,,,,robust,1,,False,False,random,classification,1.0,1.0,876.0,876.0,0.0,1.0,1.0,1624.0,1624.0,0.0
0.8721461187214612,,openml_balance_scale,openml,,,outputs/openml/runs/openml_balance_scale/seed_1/metrics.csv,219.0,406.0,uci_via_openml,,,,,,,,,,,,,maxabs,1,,False,False,random,classification,1.0,1.0,876.0,876.0,0.0,1.0,1.0,1624.0,1624.0,0.0
0.863013698630137,,openml_balance_scale,openml,,,outputs/openml/runs/openml_balance_scale/seed_1/metrics.csv,219.0,406.0,uci_via_openml,,,,,,,,,,,,,quantile,1,,False,False,random,classification,0.7888127853881278,1.0,691.0,876.0,-185.0,0.8060344827586207,1.0,1309.0,1624.0,-315.0
0.8904109589041096,,openml_balance_scale,openml,,,outputs/openml/runs/openml_balance_scale/seed_1/metrics.csv,219.0,406.0,uci_via_openml,,,,,,,,,,,,,selector,1,power,False,False,random,classification,1.0,1.0,876.0,876.0,0.0,1.0,1.0,1624.0,1624.0,0.0
0.8584474885844748,,openml_balance_scale,openml,,,outputs/openml/runs/openml_balance_scale/seed_1/metrics.csv,219.0,406.0,uci_via_openml,0.0,4.0,406.0,0.0,0.0,0.0,True,zscore:4,8.0,0.0,,,ranc,1,,False,False,random,classification,1.0,1.0,876.0,876.0,0.0,1.0,1.0,1624.0,1624.0,0.0
0.8721461187214612,,openml_balance_scale,openml,,,outputs/openml/runs/openml_balance_scale/seed_2/metrics.csv,219.0,406.0,uci_via_openml,,,,,,,,,,,,,none,2,,False,False,random,classification,1.0,1.0,876.0,876.0,0.0,1.0,1.0,1624.0,1624.0,0.0
0.8721461187214612,,openml_balance_scale,openml,,,outputs/openml/runs/openml_balance_scale/seed_2/metrics.csv,219.0,406.0,uci_via_openml,,,,,,,,,,,,,standard,2,,False,False,random,classification,1.0,1.0,876.0,876.0,0.0,1.0,1.0,1624.0,1624.0,0.0
0.8721461187214612,,openml_balance_scale,openml,,,outputs/openml/runs/openml_balance_scale/seed_2/metrics.csv,219.0,406.0,uci_via_openml,,,,,,,,,,,,,robust,2,,False,False,random,classification,1.0,1.0,876.0,876.0,0.0,1.0,1.0,1624.0,1624.0,0.0
0.8721461187214612,,openml_balance_scale,openml,,,outputs/openml/runs/openml_balance_scale/seed_2/metrics.csv,219.0,406.0,uci_via_openml,,,,,,,,,,,,,maxabs,2,,False,False,random,classification,1.0,1.0,876.0,876.0,0.0,1.0,1.0,1624.0,1624.0,0.0
0.8858447488584474,,openml_balance_scale,openml,,,outputs/openml/runs/openml_balance_scale/seed_2/metrics.csv,219.0,406.0,uci_via_openml,,,,,,,,,,,,,quantile,2,,False,False,random,classification,0.7968036529680366,1.0,698.0,876.0,-178.0,0.8017241379310345,1.0,1302.0,1624.0,-322.0
0.8995433789954338,,openml_balance_scale,openml,,,outputs/openml/runs/openml_balance_scale/seed_2/metrics.csv,219.0,406.0,uci_via_openml,,,,,,,,,,,,,selector,2,power,False,False,random,classification,1.0,1.0,876.0,876.0,0.0,1.0,1.0,1624.0,1624.0,0.0
0.867579908675799,,openml_balance_scale,openml,,,outputs/openml/runs/openml_balance_scale/seed_2/metrics.csv,219.0,406.0,uci_via_openml,0.0,4.0,406.0,0.0,0.0,0.0,True,zscore:4,8.0,0.0,,,ranc,2,,False,False,random,classification,1.0,1.0,876.0,876.0,0.0,1.0,1.0,1624.0,1624.0,0.0
0.9875259875259875,0.9998420221169037,openml_banknote_authentication,openml,,,outputs/openml/runs/openml_banknote_authentication/seed_0/metrics.csv,481.0,891.0,uci_via_openml,,,,,,,,,,,,,none,0,,False,False,random,classification,1.0,1.0,1924.0,1924.0,0.0,1.0,1.0,3564.0,3564.0,0.0
0.9833679833679834,0.9998420221169037,openml_banknote_authentication,openml,,,outputs/openml/runs/openml_banknote_authentication/seed_0/metrics.csv,481.0,891.0,uci_via_openml,,,,,,,,,,,,,standard,0,,False,False,random,classification,1.0,1.0,1924.0,1924.0,0.0,1.0,1.0,3564.0,3564.0,0.0
0.9833679833679834,0.9998244690187819,openml_banknote_authentication,openml,,,outputs/openml/runs/openml_banknote_authentication/seed_0/metrics.csv,481.0,891.0,uci_via_openml,,,,,,,,,,,,,robust,0,,False,False,random,classification,1.0,1.0,1924.0,1924.0,0.0,1.0,1.0,3564.0,3564.0,0.0
0.975051975051975,0.9979638406178691,openml_banknote_authentication,openml,,,outputs/openml/runs/openml_banknote_authentication/seed_0/metrics.csv,481.0,891.0,uci_via_openml,,,,,,,,,,,,,maxabs,0,,False,False,random,classification,1.0,1.0,1924.0,1924.0,0.0,1.0,1.0,3564.0,3564.0,0.0
0.997920997920998,1.0,openml_banknote_authentication,openml,,,outputs/openml/runs/openml_banknote_authentication/seed_0/metrics.csv,481.0,891.0,uci_via_openml,,,,,,,,,,,,,selector,0,power,False,False,random,classification,1.0,1.0,1924.0,1924.0,0.0,1.0,1.0,3564.0,3564.0,0.0
0.9833679833679834,0.9998771283131473,openml_banknote_authentication,openml,,,outputs/openml/runs/openml_banknote_authentication/seed_0/metrics.csv,481.0,891.0,uci_via_openml,0.0,4.0,891.0,0.0,0.0,0.1219273165196302,True,zscore:4,8.0,0.0,,,ranc,0,,False,False,random,classification,1.0,1.0,1924.0,1924.0,0.0,1.0,1.0,3564.0,3564.0,0.0
0.9916839916839917,0.9997338443521772,openml_banknote_authentication,openml,,,outputs/openml/runs/openml_banknote_authentication/seed_1/metrics.csv,481.0,891.0,uci_via_openml,,,,,,,,,,,,,none,1,,False,False,random,classification,1.0,1.0,1924.0,1924.0,0.0,1.0,1.0,3564.0,3564.0,0.0
0.9792099792099792,0.9996096383831932,openml_banknote_authentication,openml,,,outputs/openml/runs/openml_banknote_authentication/seed_1/metrics.csv,481.0,891.0,uci_via_openml,,,,,,,,,,,,,standard,1,,False,False,random,classification,1.0,1.0,1924.0,1924.0,0.0,1.0,1.0,3564.0,3564.0,0.0
0.9792099792099792,0.9996096383831932,openml_banknote_authentication,openml,,,outputs/openml/runs/openml_banknote_authentication/seed_1/metrics.csv,481.0,891.0,uci_via_openml,,,,,,,,,,,,,robust,1,,False,False,random,classification,1.0,1.0,1924.0,1924.0,0.0,1.0,1.0,3564.0,3564.0,0.0
0.972972972972973,0.9979239859469817,openml_banknote_authentication,openml,,,outputs/openml/runs/openml_banknote_authentication/seed_1/metrics.csv,481.0,891.0,uci_via_openml,,,,,,,,,,,,,maxabs,1,,False,False,random,classification,1.0,1.0,1924.0,1924.0,0.0,1.0,1.0,3564.0,3564.0,0.0
0.9958419958419958,1.0,openml_banknote_authentication,openml,,,outputs/openml/runs/openml_banknote_authentication/seed_1/metrics.csv,481.0,891.0,uci_via_openml,,,,,,,,,,,,,selector,1,power,False,False,random,classification,1.0,1.0,1924.0,1924.0,0.0,1.0,1.0,3564.0,3564.0,0.0
0.9792099792099792,0.9995918946733383,openml_banknote_authentication,openml,,,outputs/openml/runs/openml_banknote_authentication/seed_1/metrics.csv,481.0,891.0,uci_via_openml,0.0,4.0,891.0,0.0,0.0,0.04860984613112992,True,zscore:4,8.0,0.0,,,ranc,1,,False,False,random,classification,1.0,1.0,1924.0,1924.0,0.0,1.0,1.0,3564.0,3564.0,0.0
0.9875259875259875,0.9996519317786287,openml_banknote_authentication,openml,,,outputs/openml/runs/openml_banknote_authentication/seed_2/metrics.csv,481.0,891.0,uci_via_openml,,,,,,,,,,,,,none,2,,False,False,random,classification,1.0,1.0,1924.0,1924.0,0.0,1.0,1.0,3564.0,3564.0,0.0
0.975051975051975,0.9992516533240515,openml_banknote_authentication,openml,,,outputs/openml/runs/openml_banknote_authentication/seed_2/metrics.csv,481.0,891.0,uci_via_openml,,,,,,,,,,,,,standard,2,,False,False,random,classification,1.0,1.0,1924.0,1924.0,0.0,1.0,1.0,3564.0,3564.0,0.0
0.975051975051975,0.9992516533240515,openml_banknote_authentication,openml,,,outputs/openml/runs/openml_banknote_authentication/seed_2/metrics.csv,481.0,891.0,uci_via_openml,,,,,,,,,,,,,robust,2,,False,False,random,classification,1.0,1.0,1924.0,1924.0,0.0,1.0,1.0,3564.0,3564.0,0.0
0.9563409563409564,0.996606334841629,openml_banknote_authentication,openml,,,outputs/openml/runs/openml_banknote_authentication/seed_2/metrics.csv,481.0,891.0,uci_via_openml,,,,,,,,,,,,,maxabs,2,,False,False,random,classification,1.0,1.0,1924.0,1924.0,0.0,1.0,1.0,3564.0,3564.0,0.0
0.9916839916839917,1.0,openml_banknote_authentication,openml,,,outputs/openml/runs/openml_banknote_authentication/seed_2/metrics.csv,481.0,891.0,uci_via_openml,,,,,,,,,,,,,selector,2,power,False,False,random,classification,1.0,1.0,1924.0,1924.0,0.0,1.0,1.0,3564.0,3564.0,0.0
0.975051975051975,0.9992516533240515,openml_banknote_authentication,openml,,,outputs/openml/runs/openml_banknote_authentication/seed_2/metrics.csv,481.0,891.0,uci_via_openml,0.0,4.0,891.0,0.0,0.0,0.08902199486829712,True,zscore:4,8.0,0.0,,,ranc,2,,False,False,random,classification,1.0,1.0,1924.0,1924.0,0.0,1.0,1.0,3564.0,3564.0,0.0
0.965,0.9918023945636933,openml_wdbc,openml,,,outputs/openml/runs/openml_wdbc/seed_0/metrics.csv,200.0,369.0,uci_via_openml,,,,,,,,,,,,,none,0,,False,False,random,classification,0.993,0.993,5958.0,5958.0,0.0,0.9967479674796748,0.9967479674796748,11034.0,11034.0,0.0
0.98,0.9941753856110451,openml_wdbc,openml,,,outputs/openml/runs/openml_wdbc/seed_0/metrics.csv,200.0,369.0,uci_via_openml,,,,,,,,,,,,,standard,0,,False,False,random,classification,0.993,0.993,5958.0,5958.0,0.0,0.9967479674796748,0.9967479674796748,11034.0,11034.0,0.0
0.97,0.9953618811347211,openml_wdbc,openml,,,outputs/openml/runs/openml_wdbc/seed_0/metrics.csv,200.0,369.0,uci_via_openml,,,,,,,,,,,,,robust,0,,False,False,random,classification,0.993,0.993,5958.0,5958.0,0.0,0.9967479674796748,0.9967479674796748,11034.0,11034.0,0.0
0.925,0.9838205155862367,openml_wdbc,openml,,,outputs/openml/runs/openml_wdbc/seed_0/metrics.csv,200.0,369.0,uci_via_openml,,,,,,,,,,,,,maxabs,0,,False,False,random,classification,0.993,0.993,5958.0,5958.0,0.0,0.9967479674796748,0.9967479674796748,11034.0,11034.0,0.0
0.95,0.9955776075935714,openml_wdbc,openml,,,outputs/openml/runs/openml_wdbc/seed_0/metrics.csv,200.0,369.0,uci_via_openml,,,,,,,,,,,,,quantile,0,,False,False,random,classification,0.991,0.993,5946.0,5958.0,-12.0,0.994579945799458,0.9967479674796748,11010.0,11034.0,-24.0
0.97,0.9953618811347211,openml_wdbc,openml,,,outputs/openml/runs/openml_wdbc/seed_0/metrics.csv,200.0,369.0,uci_via_openml,,,,,,,,,,,,,selector,0,robust,False,False,random,classification,0.993,0.993,5958.0,5958.0,0.0,0.9967479674796748,0.9967479674796748,11034.0,11034.0,0.0
0.975,0.995038291446446,openml_wdbc,openml,,,outputs/openml/runs/openml_wdbc/seed_0/metrics.csv,200.0,369.0,uci_via_openml,0.0,30.0,369.0,0.0,0.0,0.20327656293804316,True,zscore:30,83.0,0.0,,,ranc,0,,False,False,random,classification,1.0,0.993,6000.0,5958.0,42.0,1.0,0.9967479674796748,11070.0,11034.0,36.0
0.94,0.9887912087912089,openml_wdbc,openml,,,outputs/openml/runs/openml_wdbc/seed_1/metrics.csv,200.0,369.0,uci_via_openml,,,,,,,,,,,,,none,1,,False,False,random,classification,0.997,0.997,5982.0,5982.0,0.0,0.994579945799458,0.994579945799458,11010.0,11010.0,0.0
0.955,0.9927472527472527,openml_wdbc,openml,,,outputs/openml/runs/openml_wdbc/seed_1/metrics.csv,200.0,369.0,uci_via_openml,,,,,,,,,,,,,standard,1,,False,False,random,classification,0.997,0.997,5982.0,5982.0,0.0,0.994579945799458,0.994579945799458,11010.0,11010.0,0.0
0.95,0.9926373626373626,openml_wdbc,openml,,,outputs/openml/runs/openml_wdbc/seed_1/metrics.csv,200.0,369.0,uci_via_openml,,,,,,,,,,,,,robust,1,,False,False,random,classification,0.997,0.997,5982.0,5982.0,0.0,0.994579945799458,0.994579945799458,11010.0,11010.0,0.0
0.935,0.9802197802197803,openml_wdbc,openml,,,outputs/openml/runs/openml_wdbc/seed_1/metrics.csv,200.0,369.0,uci_via_openml,,,,,,,,,,,,,maxabs,1,,False,False,random,classification,0.997,0.997,5982.0,5982.0,0.0,0.994579945799458,0.994579945799458,11010.0,11010.0,0.0
0.94,0.9902197802197802,openml_wdbc,openml,,,outputs/openml/runs/openml_wdbc/seed_1/metrics.csv,200.0,369.0,uci_via_openml,,,,,,,,,,,,,quantile,1,,False,False,random,classification,0.9936666666666667,0.997,5962.0,5982.0,-20.0,0.9924119241192412,0.994579945799458,10986.0,11010.0,-24.0
0.95,0.9853846153846154,openml_wdbc,openml,,,outputs/openml/runs/openml_wdbc/seed_1/metrics.csv,200.0,369.0,uci_via_openml,,,,,,,,,,,,,selector,1,minmax,False,False,random,classification,0.997,0.997,5982.0,5982.0,0.0,0.9924119241192412,0.994579945799458,10986.0,11010.0,-24.0
0.97,0.996043956043956,openml_wdbc,openml,,,outputs/openml/runs/openml_wdbc/seed_1/metrics.csv,200.0,369.0,uci_via_openml,0.0,30.0,369.0,0.0,0.0,0.27624643896461953,True,zscore:30,80.0,0.0,,,ranc,1,,False,False,random,classification,1.0,0.997,6000.0,5982.0,18.0,1.0,0.994579945799458,11070.0,11010.0,60.0
0.935,0.9864176570458405,openml_wdbc,openml,,,outputs/openml/runs/openml_wdbc/seed_2/metrics.csv,200.0,369.0,uci_via_openml,,,,,,,,,,,,,none,2,,False,False,random,classification,0.996,0.996,5976.0,5976.0,0.0,0.9951219512195122,0.9951219512195122,11016.0,11016.0,0.0
0.97,0.989176570458404,openml_wdbc,openml,,,outputs/openml/runs/openml_wdbc/seed_2/metrics.csv,200.0,369.0,uci_via_openml,,,,,,,,,,,,,standard,2,,False,False,random,classification,0.996,0.996,5976.0,5976.0,0.0,0.9951219512195122,0.9951219512195122,11016.0,11016.0,0.0
0.975,0.9909804753820033,openml_wdbc,openml,,,outputs/openml/runs/openml_wdbc/seed_2/metrics.csv,200.0,369.0,uci_via_openml,,,,,,,,,,,,,robust,2,,False,False,random,classification,0.996,0.996,5976.0,5976.0,0.0,0.9951219512195122,0.9951219512195122,11016.0,11016.0,0.0
0.94,0.9810059422750423,openml_wdbc,openml,,,outputs/openml/runs/openml_wdbc/seed_2/metrics.csv,200.0,369.0,uci_via_openml,,,,,,,,,,,,,maxabs,2,,False,False,random,classification,0.996,0.996,5976.0,5976.0,0.0,0.9951219512195122,0.9951219512195122,11016.0,11016.0,0.0
0.93,0.987160441426146,openml_wdbc,openml,,,outputs/openml/runs/openml_wdbc/seed_2/metrics.csv,200.0,369.0,uci_via_openml,,,,,,,,,,,,,quantile,2,,False,False,random,classification,0.9925,0.996,5955.0,5976.0,-21.0,0.9929539295392954,0.9951219512195122,10992.0,11016.0,-24.0
0.975,0.9909804753820033,openml_wdbc,openml,,,outputs/openml/runs/openml_wdbc/seed_2/metrics.csv,200.0,369.0,uci_via_openml,,,,,,,,,,,,,selector,2,robust,False,False,random,classification,0.996,0.996,5976.0,5976.0,0.0,0.9951219512195122,0.9951219512195122,11016.0,11016.0,0.0
0.97,0.990025466893039,openml_wdbc,openml,,,outputs/openml/runs/openml_wdbc/seed_2/metrics.csv,200.0,369.0,uci_via_openml,0.0,30.0,369.0,0.0,0.0,0.21156192129629578,True,zscore:30,80.0,0.0,,,ranc,2,,False,False,random,classification,1.0,0.996,6000.0,5976.0,24.0,1.0,0.9951219512195122,11070.0,11016.0,54.0
0.7777777777777778,,openml_vehicle,openml,,,outputs/openml/runs/openml_vehicle/seed_0/metrics.csv,297.0,549.0,uci_via_openml,,,,,,,,,,,,,none,0,,False,False,random,classification,0.9934530490086045,0.9934530490086045,5311.0,5311.0,0.0,0.9927140255009107,0.9927140255009107,9810.0,9810.0,0.0
0.7845117845117845,,openml_vehicle,openml,,,outputs/openml/runs/openml_vehicle/seed_0/metrics.csv,297.0,549.0,uci_via_openml,,,,,,,,,,,,,standard,0,,False,False,random,classification,0.9934530490086045,0.9934530490086045,5311.0,5311.0,0.0,0.9927140255009107,0.9927140255009107,9810.0,9810.0,0.0
0.7508417508417509,,openml_vehicle,openml,,,outputs/openml/runs/openml_vehicle/seed_0/metrics.csv,297.0,549.0,uci_via_openml,,,,,,,,,,,,,robust,0,,False,False,random,classification,0.9934530490086045,0.9934530490086045,5311.0,5311.0,0.0,0.9927140255009107,0.9927140255009107,9810.0,9810.0,0.0
0.6195286195286195,,openml_vehicle,openml,,,outputs/openml/runs/openml_vehicle/seed_0/metrics.csv,297.0,549.0,uci_via_openml,,,,,,,,,,,,,maxabs,0,,False,False,random,classification,0.9934530490086045,0.9934530490086045,5311.0,5311.0,0.0,0.9927140255009107,0.9927140255009107,9810.0,9810.0,0.0
0.7037037037037037,,openml_vehicle,openml,,,outputs/openml/runs/openml_vehicle/seed_0/metrics.csv,297.0,549.0,uci_via_openml,,,,,,,,,,,,,quantile,0,,False,False,random,classification,0.9854096520763187,0.9934530490086045,5268.0,5311.0,-43.0,0.9872495446265938,0.9927140255009107,9756.0,9810.0,-54.0
0.7508417508417509,,openml_vehicle,openml,,,outputs/openml/runs/openml_vehicle/seed_0/metrics.csv,297.0,549.0,uci_via_openml,,,,,,,,,,,,,selector,0,robust,False,False,random,classification,0.9934530490086045,0.9934530490086045,5311.0,5311.0,0.0,0.9927140255009107,0.9927140255009107,9810.0,9810.0,0.0
0.7878787878787878,,openml_vehicle,openml,,,outputs/openml/runs/openml_vehicle/seed_0/metrics.csv,297.0,549.0,uci_via_openml,0.0,18.0,549.0,0.0,2.0,0.33725,True,"maxabs:1, robust_affine:1, zscore:16",41.0,0.0,,,ranc,0,,False,False,random,classification,0.9869060980172091,0.9934530490086045,5276.0,5311.0,-35.0,0.9878567091681846,0.9927140255009107,9762.0,9810.0,-48.0
0.8013468013468014,,openml_vehicle,openml,,,outputs/openml/runs/openml_vehicle/seed_1/metrics.csv,297.0,549.0,uci_via_openml,,,,,,,,,,,,,none,1,,False,False,random,classification,0.9940142162364385,0.9940142162364385,5314.0,5314.0,0.0,0.9924104432301154,0.9924104432301154,9807.0,9807.0,0.0
0.7777777777777778,,openml_vehicle,openml,,,outputs/openml/runs/openml_vehicle/seed_1/metrics.csv,297.0,549.0,uci_via_openml,,,,,,,,,,,,,standard,1,,False,False,random,classification,0.9940142162364385,0.9940142162364385,5314.0,5314.0,0.0,0.9924104432301154,0.9924104432301154,9807.0,9807.0,0.0
0.7710437710437711,,openml_vehicle,openml,,,outputs/openml/runs/openml_vehicle/seed_1/metrics.csv,297.0,549.0,uci_via_openml,,,,,,,,,,,,,robust,1,,False,False,random,classification,0.9940142162364385,0.9940142162364385,5314.0,5314.0,0.0,0.9924104432301154,0.9924104432301154,9807.0,9807.0,0.0
0.6262626262626263,,openml_vehicle,openml,,,outputs/openml/runs/openml_vehicle/seed_1/metrics.csv,297.0,549.0,uci_via_openml,,,,,,,,,,,,,maxabs,1,,False,False,random,classification,0.9940142162364385,0.9940142162364385,5314.0,5314.0,0.0,0.9924104432301154,0.9924104432301154,9807.0,9807.0,0.0
0.7104377104377104,,openml_vehicle,openml,,,outputs/openml/runs/openml_vehicle/seed_1/metrics.csv,297.0,549.0,uci_via_openml,,,,,,,,,,,,,quantile,1,,False,False,random,classification,0.9884025439580996,0.9940142162364385,5284.0,5314.0,-30.0,0.9872495446265938,0.9924104432301154,9756.0,9807.0,-51.0
0.7777777777777778,,openml_vehicle,openml,,,outputs/openml/runs/openml_vehicle/seed_1/metrics.csv,297.0,549.0,uci_via_openml,,,,,,,,,,,,,selector,1,standard,False,False,random,classification,0.9940142162364385,0.9940142162364385,5314.0,5314.0,0.0,0.9924104432301154,0.9924104432301154,9807.0,9807.0,0.0
0.7878787878787878,,openml_vehicle,openml,,,outputs/openml/runs/openml_vehicle/seed_1/metrics.csv,297.0,549.0,uci_via_openml,0.0,18.0,549.0,0.0,1.0,0.33725,True,"maxabs:1, zscore:17",39.0,0.0,,,ranc,1,,False,False,random,classification,0.9955106621773289,0.9940142162364385,5322.0,5314.0,8.0,0.9946367132159482,0.9924104432301154,9829.0,9807.0,22.0
0.7878787878787878,,openml_vehicle,openml,,,outputs/openml/runs/openml_vehicle/seed_2/metrics.csv,297.0,549.0,uci_via_openml,,,,,,,,,,,,,none,2,,False,False,random,classification,0.9925177702955481,0.9925177702955481,5306.0,5306.0,0.0,0.9932199959522364,0.9932199959522364,9815.0,9815.0,0.0
0.7575757575757576,,openml_vehicle,openml,,,outputs/openml/runs/openml_vehicle/seed_2/metrics.csv,297.0,549.0,uci_via_openml,,,,,,,,,,,,,standard,2,,False,False,random,classification,0.9925177702955481,0.9925177702955481,5306.0,5306.0,0.0,0.9932199959522364,0.9932199959522364,9815.0,9815.0,0.0
0.7407407407407407,,openml_vehicle,openml,,,outputs/openml/runs/openml_vehicle/seed_2/metrics.csv,297.0,549.0,uci_via_openml,,,,,,,,,,,,,robust,2,,False,False,random,classification,0.9925177702955481,0.9925177702955481,5306.0,5306.0,0.0,0.9932199959522364,0.9932199959522364,9815.0,9815.0,0.0
0.6262626262626263,,openml_vehicle,openml,,,outputs/openml/runs/openml_vehicle/seed_2/metrics.csv,297.0,549.0,uci_via_openml,,,,,,,,,,,,,maxabs,2,,False,False,random,classification,0.9925177702955481,0.9925177702955481,5306.0,5306.0,0.0,0.9932199959522364,0.9932199959522364,9815.0,9815.0,0.0
0.7138047138047138,,openml_vehicle,openml,,,outputs/openml/runs/openml_vehicle/seed_2/metrics.csv,297.0,549.0,uci_via_openml,,,,,,,,,,,,,quantile,2,,False,False,random,classification,0.9878413767302656,0.9925177702955481,5281.0,5306.0,-25.0,0.987350738716859,0.9932199959522364,9757.0,9815.0,-58.0
0.7575757575757576,,openml_vehicle,openml,,,outputs/openml/runs/openml_vehicle/seed_2/metrics.csv,297.0,549.0,uci_via_openml,,,,,,,,,,,,,selector,2,standard,False,False,random,classification,0.9925177702955481,0.9925177702955481,5306.0,5306.0,0.0,0.9932199959522364,0.9932199959522364,9815.0,9815.0,0.0
0.7676767676767676,,openml_vehicle,openml,,,outputs/openml/runs/openml_vehicle/seed_2/metrics.csv,297.0,549.0,uci_via_openml,0.0,18.0,549.0,0.0,1.0,0.33725,True,"maxabs:1, zscore:17",39.0,0.0,,,ranc,2,,False,False,random,classification,0.9949494949494949,0.9925177702955481,5319.0,5306.0,13.0,0.9949402954867436,0.9932199959522364,9832.0,9815.0,17.0
0.9672619047619048,0.9758016919142238,openml_tic_tac_toe,openml,,,outputs/openml/runs/openml_tic_tac_toe/seed_0/metrics.csv,336.0,622.0,uci_via_openml,,,,,,,,,,,,,none,0,,False,False,random,classification,0.3333333333333333,0.3333333333333333,3024.0,3024.0,0.0,0.3333333333333333,0.3333333333333333,5598.0,5598.0,0.0
0.9672619047619048,0.9837104072398191,openml_tic_tac_toe,openml,,,outputs/openml/runs/openml_tic_tac_toe/seed_0/metrics.csv,336.0,622.0,uci_via_openml,,,,,,,,,,,,,standard,0,,False,False,random,classification,0.3333333333333333,0.3333333333333333,3024.0,3024.0,0.0,0.3333333333333333,0.3333333333333333,5598.0,5598.0,0.0
0.9672619047619048,0.9758016919142238,openml_tic_tac_toe,openml,,,outputs/openml/runs/openml_tic_tac_toe/seed_0/metrics.csv,336.0,622.0,uci_via_openml,,,,,,,,,,,,,robust,0,,False,False,random,classification,0.3333333333333333,0.3333333333333333,3024.0,3024.0,0.0,0.3333333333333333,0.3333333333333333,5598.0,5598.0,0.0
0.9672619047619048,0.9758016919142238,openml_tic_tac_toe,openml,,,outputs/openml/runs/openml_tic_tac_toe/seed_0/metrics.csv,336.0,622.0,uci_via_openml,,,,,,,,,,,,,maxabs,0,,False,False,random,classification,0.3333333333333333,0.3333333333333333,3024.0,3024.0,0.0,0.3333333333333333,0.3333333333333333,5598.0,5598.0,0.0
0.9672619047619048,0.9758016919142238,openml_tic_tac_toe,openml,,,outputs/openml/runs/openml_tic_tac_toe/seed_0/metrics.csv,336.0,622.0,uci_via_openml,,,,,,,,,,,,,quantile,0,,False,False,random,classification,0.3333333333333333,0.3333333333333333,3024.0,3024.0,0.0,0.3333333333333333,0.3333333333333333,5598.0,5598.0,0.0
0.9672619047619048,0.9837104072398191,openml_tic_tac_toe,openml,,,outputs/openml/runs/openml_tic_tac_toe/seed_0/metrics.csv,336.0,622.0,uci_via_openml,,,,,,,,,,,,,selector,0,standard,False,False,random,classification,0.3333333333333333,0.3333333333333333,3024.0,3024.0,0.0,0.3333333333333333,0.3333333333333333,5598.0,5598.0,0.0
0.9672619047619048,0.9760771198111351,openml_tic_tac_toe,openml,,,outputs/openml/runs/openml_tic_tac_toe/seed_0/metrics.csv,336.0,622.0,uci_via_openml,0.0,27.0,622.0,0.0,5.0,1.349,True,"maxabs:22, robust_affine:5",69.0,0.0,,,ranc,0,,False,False,random,classification,0.3333333333333333,0.3333333333333333,3024.0,3024.0,0.0,0.3333333333333333,0.3333333333333333,5598.0,5598.0,0.0
0.9761904761904762,0.9842948219561499,openml_tic_tac_toe,openml,,,outputs/openml/runs/openml_tic_tac_toe/seed_1/metrics.csv,336.0,622.0,uci_via_openml,,,,,,,,,,,,,none,1,,False,False,random,classification,0.3333333333333333,0.3333333333333333,3024.0,3024.0,0.0,0.3333333333333333,0.3333333333333333,5598.0,5598.0,0.0
0.9761904761904762,0.9890374747317681,openml_tic_tac_toe,openml,,,outputs/openml/runs/openml_tic_tac_toe/seed_1/metrics.csv,336.0,622.0,uci_via_openml,,,,,,,,,,,,,standard,1,,False,False,random,classification,0.3333333333333333,0.3333333333333333,3024.0,3024.0,0.0,0.3333333333333333,0.3333333333333333,5598.0,5598.0,0.0
0.9761904761904762,0.9842948219561499,openml_tic_tac_toe,openml,,,outputs/openml/runs/openml_tic_tac_toe/seed_1/metrics.csv,336.0,622.0,uci_via_openml,,,,,,,,,,,,,robust,1,,False,False,random,classification,0.3333333333333333,0.3333333333333333,3024.0,3024.0,0.0,0.3333333333333333,0.3333333333333333,5598.0,5598.0,0.0
0.9761904761904762,0.9842948219561499,openml_tic_tac_toe,openml,,,outputs/openml/runs/openml_tic_tac_toe/seed_1/metrics.csv,336.0,622.0,uci_via_openml,,,,,,,,,,,,,maxabs,1,,False,False,random,classification,0.3333333333333333,0.3333333333333333,3024.0,3024.0,0.0,0.3333333333333333,0.3333333333333333,5598.0,5598.0,0.0
0.9761904761904762,0.9842948219561499,openml_tic_tac_toe,openml,,,outputs/openml/runs/openml_tic_tac_toe/seed_1/metrics.csv,336.0,622.0,uci_via_openml,,,,,,,,,,,,,quantile,1,,False,False,random,classification,0.3333333333333333,0.3333333333333333,3024.0,3024.0,0.0,0.3333333333333333,0.3333333333333333,5598.0,5598.0,0.0
0.9761904761904762,0.9890374747317681,openml_tic_tac_toe,openml,,,outputs/openml/runs/openml_tic_tac_toe/seed_1/metrics.csv,336.0,622.0,uci_via_openml,,,,,,,,,,,,,selector,1,standard,False,False,random,classification,0.3333333333333333,0.3333333333333333,3024.0,3024.0,0.0,0.3333333333333333,0.3333333333333333,5598.0,5598.0,0.0
0.9761904761904762,0.9844891929715441,openml_tic_tac_toe,openml,,,outputs/openml/runs/openml_tic_tac_toe/seed_1/metrics.csv,336.0,622.0,uci_via_openml,0.0,27.0,622.0,0.0,6.0,0.0,True,"maxabs:21, robust_affine:6",72.0,0.0,,,ranc,1,,False,False,random,classification,0.3333333333333333,0.3333333333333333,3024.0,3024.0,0.0,0.3333333333333333,0.3333333333333333,5598.0,5598.0,0.0
0.9553571428571429,0.9912037914691944,openml_tic_tac_toe,openml,,,outputs/openml/runs/openml_tic_tac_toe/seed_2/metrics.csv,336.0,622.0,uci_via_openml,,,,,,,,,,,,,none,2,,False,False,random,classification,0.3333333333333333,0.3333333333333333,3024.0,3024.0,0.0,0.3333333333333333,0.3333333333333333,5598.0,5598.0,0.0
0.9880952380952381,0.995260663507109,openml_tic_tac_toe,openml,,,outputs/openml/runs/openml_tic_tac_toe/seed_2/metrics.csv,336.0,622.0,uci_via_openml,,,,,,,,,,,,,standard,2,,False,False,random,classification,0.3333333333333333,0.3333333333333333,3024.0,3024.0,0.0,0.3333333333333333,0.3333333333333333,5598.0,5598.0,0.0
0.9553571428571429,0.9912037914691944,openml_tic_tac_toe,openml,,,outputs/openml/runs/openml_tic_tac_toe/seed_2/metrics.csv,336.0,622.0,uci_via_openml,,,,,,,,,,,,,robust,2,,False,False,random,classification,0.3333333333333333,0.3333333333333333,3024.0,3024.0,0.0,0.3333333333333333,0.3333333333333333,5598.0,5598.0,0.0
0.9553571428571429,0.9912037914691944,openml_tic_tac_toe,openml,,,outputs/openml/runs/openml_tic_tac_toe/seed_2/metrics.csv,336.0,622.0,uci_via_openml,,,,,,,,,,,,,maxabs,2,,False,False,random,classification,0.3333333333333333,0.3333333333333333,3024.0,3024.0,0.0,0.3333333333333333,0.3333333333333333,5598.0,5598.0,0.0
0.9553571428571429,0.9912037914691944,openml_tic_tac_toe,openml,,,outputs/openml/runs/openml_tic_tac_toe/seed_2/metrics.csv,336.0,622.0,uci_via_openml,,,,,,,,,,,,,quantile,2,,False,False,random,classification,0.3333333333333333,0.3333333333333333,3024.0,3024.0,0.0,0.3333333333333333,0.3333333333333333,5598.0,5598.0,0.0
0.9880952380952381,0.995260663507109,openml_tic_tac_toe,openml,,,outputs/openml/runs/openml_tic_tac_toe/seed_2/metrics.csv,336.0,622.0,uci_via_openml,,,,,,,,,,,,,selector,2,standard,False,False,random,classification,0.3333333333333333,0.3333333333333333,3024.0,3024.0,0.0,0.3333333333333333,0.3333333333333333,5598.0,5598.0,0.0
0.9494047619047619,0.9913554502369668,openml_tic_tac_toe,openml,,,outputs/openml/runs/openml_tic_tac_toe/seed_2/metrics.csv,336.0,622.0,uci_via_openml,0.0,27.0,622.0,0.0,7.0,0.0,True,"maxabs:20, robust_affine:7",75.0,0.0,,,ranc,2,,False,False,random,classification,0.3333333333333333,0.3333333333333333,3024.0,3024.0,0.0,0.3333333333333333,0.3333333333333333,5598.0,5598.0,0.0
0.5038759689922481,,openml_cmc,openml,,,outputs/openml/runs/openml_cmc/seed_0/metrics.csv,516.0,957.0,uci_via_openml,,,,,,,,,,,,,none,0,,False,False,random,classification,0.37233527131782945,0.37233527131782945,4611.0,4611.0,0.0,0.37221351445489376,0.37221351445489376,8549.0,8549.0,0.0
0.5058139534883721,,openml_cmc,openml,,,outputs/openml/runs/openml_cmc/seed_0/metrics.csv,516.0,957.0,uci_via_openml,,,,,,,,,,,,,standard,0,,False,False,random,classification,0.37233527131782945,0.37233527131782945,4611.0,4611.0,0.0,0.37221351445489376,0.37221351445489376,8549.0,8549.0,0.0
0.5038759689922481,,openml_cmc,openml,,,outputs/openml/runs/openml_cmc/seed_0/metrics.csv,516.0,957.0,uci_via_openml,,,,,,,,,,,,,robust,0,,False,False,random,classification,0.37233527131782945,0.37233527131782945,4611.0,4611.0,0.0,0.37221351445489376,0.37221351445489376,8549.0,8549.0,0.0
0.5058139534883721,,openml_cmc,openml,,,outputs/openml/runs/openml_cmc/seed_0/metrics.csv,516.0,957.0,uci_via_openml,,,,,,,,,,,,,maxabs,0,,False,False,random,classification,0.37233527131782945,0.37233527131782945,4611.0,4611.0,0.0,0.37221351445489376,0.37221351445489376,8549.0,8549.0,0.0
0.5329457364341085,,openml_cmc,openml,,,outputs/openml/runs/openml_cmc/seed_0/metrics.csv,516.0,957.0,uci_via_openml,,,,,,,,,,,,,quantile,0,,False,False,random,classification,0.3722545219638243,0.37233527131782945,4610.0,4611.0,-1.0,0.37212643678160917,0.37221351445489376,8547.0,8549.0,-2.0
0.5329457364341085,,openml_cmc,openml,,,outputs/openml/runs/openml_cmc/seed_0/metrics.csv,516.0,957.0,uci_via_openml,,,,,,,,,,,,,selector,0,quantile,False,False,random,classification,0.3722545219638243,0.37233527131782945,4610.0,4611.0,-1.0,0.37212643678160917,0.37221351445489376,8547.0,8549.0,-2.0
0.5,,openml_cmc,openml,,,outputs/openml/runs/openml_cmc/seed_0/metrics.csv,516.0,957.0,uci_via_openml,0.0,24.0,957.0,0.0,19.0,0.0,True,"maxabs:9, robust_affine:14, zscore:1",90.0,0.0,,,ranc,0,,False,False,random,classification,0.37233527131782945,0.37233527131782945,4611.0,4611.0,0.0,0.37221351445489376,0.37221351445489376,8549.0,8549.0,0.0
0.5193798449612403,,openml_cmc,openml,,,outputs/openml/runs/openml_cmc/seed_1/metrics.csv,516.0,957.0,uci_via_openml,,,,,,,,,,,,,none,1,,False,False,random,classification,0.3717700258397933,0.3717700258397933,4604.0,4604.0,0.0,0.3725182863113898,0.3725182863113898,8556.0,8556.0,0.0
0.5174418604651163,,openml_cmc,openml,,,outputs/openml/runs/openml_cmc/seed_1/metrics.csv,516.0,957.0,uci_via_openml,,,,,,,,,,,,,standard,1,,False,False,random,classification,0.3717700258397933,0.3717700258397933,4604.0,4604.0,0.0,0.3725182863113898,0.3725182863113898,8556.0,8556.0,0.0
0.5135658914728682,,openml_cmc,openml,,,outputs/openml/runs/openml_cmc/seed_1/metrics.csv,516.0,957.0,uci_via_openml,,,,,,,,,,,,,robust,1,,False,False,random,classification,0.3717700258397933,0.3717700258397933,4604.0,4604.0,0.0,0.3725182863113898,0.3725182863113898,8556.0,8556.0,0.0
0.5329457364341085,,openml_cmc,openml,,,outputs/openml/runs/openml_cmc/seed_1/metrics.csv,516.0,957.0,uci_via_openml,,,,,,,,,,,,,maxabs,1,,False,False,random,classification,0.3717700258397933,0.3717700258397933,4604.0,4604.0,0.0,0.3725182863113898,0.3725182863113898,8556.0,8556.0,0.0
0.5581395348837209,,openml_cmc,openml,,,outputs/openml/runs/openml_cmc/seed_1/metrics.csv,516.0,957.0,uci_via_openml,,,,,,,,,,,,,quantile,1,,False,False,random,classification,0.3717700258397933,0.3717700258397933,4604.0,4604.0,0.0,0.37238766980146293,0.3725182863113898,8553.0,8556.0,-3.0
0.5581395348837209,,openml_cmc,openml,,,outputs/openml/runs/openml_cmc/seed_1/metrics.csv,516.0,957.0,uci_via_openml,,,,,,,,,,,,,selector,1,quantile,False,False,random,classification,0.3717700258397933,0.3717700258397933,4604.0,4604.0,0.0,0.37238766980146293,0.3725182863113898,8553.0,8556.0,-3.0
0.5310077519379846,,openml_cmc,openml,,,outputs/openml/runs/openml_cmc/seed_1/metrics.csv,516.0,957.0,uci_via_openml,0.0,24.0,957.0,0.0,19.0,0.0,True,"maxabs:9, robust_affine:14, zscore:1",90.0,0.0,,,ranc,1,,False,False,random,classification,0.3717700258397933,0.3717700258397933,4604.0,4604.0,0.0,0.3725182863113898,0.3725182863113898,8556.0,8556.0,0.0
0.501937984496124,,openml_cmc,openml,,,outputs/openml/runs/openml_cmc/seed_2/metrics.csv,516.0,957.0,uci_via_openml,,,,,,,,,,,,,none,2,,False,False,random,classification,0.3721737726098191,0.3721737726098191,4609.0,4609.0,0.0,0.37230059212817834,0.37230059212817834,8551.0,8551.0,0.0
0.4941860465116279,,openml_cmc,openml,,,outputs/openml/runs/openml_cmc/seed_2/metrics.csv,516.0,957.0,uci_via_openml,,,,,,,,,,,,,standard,2,,False,False,random,classification,0.3721737726098191,0.3721737726098191,4609.0,4609.0,0.0,0.37230059212817834,0.37230059212817834,8551.0,8551.0,0.0
0.5038759689922481,,openml_cmc,openml,,,outputs/openml/runs/openml_cmc/seed_2/metrics.csv,516.0,957.0,uci_via_openml,,,,,,,,,,,,,robust,2,,False,False,random,classification,0.3721737726098191,0.3721737726098191,4609.0,4609.0,0.0,0.37230059212817834,0.37230059212817834,8551.0,8551.0,0.0
0.501937984496124,,openml_cmc,openml,,,outputs/openml/runs/openml_cmc/seed_2/metrics.csv,516.0,957.0,uci_via_openml,,,,,,,,,,,,,maxabs,2,,False,False,random,classification,0.3721737726098191,0.3721737726098191,4609.0,4609.0,0.0,0.37230059212817834,0.37230059212817834,8551.0,8551.0,0.0
0.5329457364341085,,openml_cmc,openml,,,outputs/openml/runs/openml_cmc/seed_2/metrics.csv,516.0,957.0,uci_via_openml,,,,,,,,,,,,,quantile,2,,False,False,random,classification,0.37209302325581395,0.3721737726098191,4608.0,4609.0,-1.0,0.37221351445489376,0.37230059212817834,8549.0,8551.0,-2.0
0.5058139534883721,,openml_cmc,openml,,,outputs/openml/runs/openml_cmc/seed_2/metrics.csv,516.0,957.0,uci_via_openml,,,,,,,,,,,,,selector,2,minmax,False,False,random,classification,0.37209302325581395,0.3721737726098191,4608.0,4609.0,-1.0,0.37221351445489376,0.37230059212817834,8549.0,8551.0,-2.0
0.501937984496124,,openml_cmc,openml,,,outputs/openml/runs/openml_cmc/seed_2/metrics.csv,516.0,957.0,uci_via_openml,0.0,24.0,957.0,0.0,17.0,0.0,True,"maxabs:11, robust_affine:12, zscore:1",84.0,0.0,,,ranc,2,,False,False,random,classification,0.3721737726098191,0.3721737726098191,4609.0,4609.0,0.0,0.37230059212817834,0.37230059212817834,8551.0,8551.0,0.0
